ch,cf,ci,cr,co,cu,cs,W_init,I_init,cb,B_init
500,2000,35729.7695,1009.051193,54728.26547,92865.30027,86707.18668,72349,21739,151.3576789,95397
