ch,cf,ci,cr,co,cu,cs,W_init,I_init,K,T,cb,B_init
500,2000,13366.099961580847,73955.05753203179,77828.29550855745,34652.87182121805,54437.361252259434,7923,69745,40.074381809377805,24,11093.258629804768,79434
